-- ============================================================
-- Greenie Seed Data (Development)
-- Mirrors the fake repository data so the app works identically
-- after swapping to Supabase repositories.
--
-- Paste into Supabase SQL Editor and run AFTER schema.sql.
-- Safe to re-run: uses INSERT ... ON CONFLICT DO NOTHING.
-- ============================================================

-- Deterministic UUIDs so foreign keys stay consistent.
-- Pattern: 00000000-0000-0000-<domain>-<sequence>
--   members  → domain 0001  (member-1 .. member-14)
--   courses  → domain 0002  (course-1 .. course-3)
--   leagues  → domain 0003  (league-1 .. league-2)
--   teams    → domain 0004  (team-1 .. team-7)
--   rounds   → domain 0005  (round-1 .. round-6)
--   matchups → domain 0006  (18 matchups across 6 rounds)


-- ============================================================
-- MEMBERS
-- ============================================================
insert into members (id, name, handicap) values
  ('00000000-0000-0000-0001-000000000001', 'AJ Greenman',       10),
  ('00000000-0000-0000-0001-000000000002', 'Brandon Ayers',      9),
  ('00000000-0000-0000-0001-000000000003', 'Dirty Mike',         8),
  ('00000000-0000-0000-0001-000000000004', 'Aaron Greenman',     3),
  ('00000000-0000-0000-0001-000000000005', 'Adam Boelkins',     10),
  ('00000000-0000-0000-0001-000000000006', 'Brady Greenman',     2),
  ('00000000-0000-0000-0001-000000000007', 'Ryan Confer',        5),
  ('00000000-0000-0000-0001-000000000008', 'Brett Knaus',       15),
  ('00000000-0000-0000-0001-000000000009', 'Ryan Ayers',        12),
  ('00000000-0000-0000-0001-000000000010', 'Matt Ayers',        12),
  ('00000000-0000-0000-0001-000000000011', 'Andrew Dunscombe',   6),
  ('00000000-0000-0000-0001-000000000012', 'Jake Steggles',     11),
  ('00000000-0000-0000-0001-000000000013', 'Joel Bremer',       17),
  ('00000000-0000-0000-0001-000000000014', 'Ben Casciano',       1)
on conflict do nothing;


-- ============================================================
-- COURSES
-- ============================================================
insert into courses (id, name) values
  ('00000000-0000-0000-0002-000000000001', 'Crown Golf Club'),
  ('00000000-0000-0000-0002-000000000002', 'Elmbrook Golf Course'),
  ('00000000-0000-0000-0002-000000000003', 'Bahle Farms Golf Course')
on conflict do nothing;

-- Holes: Crown Golf Club
insert into holes (course_id, number, par) values
  ('00000000-0000-0000-0002-000000000001',  1, 5),
  ('00000000-0000-0000-0002-000000000001',  2, 4),
  ('00000000-0000-0000-0002-000000000001',  3, 3),
  ('00000000-0000-0000-0002-000000000001',  4, 5),
  ('00000000-0000-0000-0002-000000000001',  5, 4),
  ('00000000-0000-0000-0002-000000000001',  6, 4),
  ('00000000-0000-0000-0002-000000000001',  7, 4),
  ('00000000-0000-0000-0002-000000000001',  8, 4),
  ('00000000-0000-0000-0002-000000000001',  9, 3),
  ('00000000-0000-0000-0002-000000000001', 10, 4),
  ('00000000-0000-0000-0002-000000000001', 11, 4),
  ('00000000-0000-0000-0002-000000000001', 12, 3),
  ('00000000-0000-0000-0002-000000000001', 13, 4),
  ('00000000-0000-0000-0002-000000000001', 14, 5),
  ('00000000-0000-0000-0002-000000000001', 15, 4),
  ('00000000-0000-0000-0002-000000000001', 16, 3),
  ('00000000-0000-0000-0002-000000000001', 17, 5),
  ('00000000-0000-0000-0002-000000000001', 18, 4)
on conflict do nothing;

-- Holes: Elmbrook Golf Course
insert into holes (course_id, number, par) values
  ('00000000-0000-0000-0002-000000000002',  1, 4),
  ('00000000-0000-0000-0002-000000000002',  2, 3),
  ('00000000-0000-0000-0002-000000000002',  3, 5),
  ('00000000-0000-0000-0002-000000000002',  4, 4),
  ('00000000-0000-0000-0002-000000000002',  5, 4),
  ('00000000-0000-0000-0002-000000000002',  6, 4),
  ('00000000-0000-0000-0002-000000000002',  7, 5),
  ('00000000-0000-0000-0002-000000000002',  8, 4),
  ('00000000-0000-0000-0002-000000000002',  9, 3),
  ('00000000-0000-0000-0002-000000000002', 10, 4),
  ('00000000-0000-0000-0002-000000000002', 11, 5),
  ('00000000-0000-0000-0002-000000000002', 12, 3),
  ('00000000-0000-0000-0002-000000000002', 13, 5),
  ('00000000-0000-0000-0002-000000000002', 14, 3),
  ('00000000-0000-0000-0002-000000000002', 15, 4),
  ('00000000-0000-0000-0002-000000000002', 16, 4),
  ('00000000-0000-0000-0002-000000000002', 17, 4),
  ('00000000-0000-0000-0002-000000000002', 18, 4)
on conflict do nothing;

-- Holes: Bahle Farms Golf Course
insert into holes (course_id, number, par) values
  ('00000000-0000-0000-0002-000000000003',  1, 4),
  ('00000000-0000-0000-0002-000000000003',  2, 5),
  ('00000000-0000-0000-0002-000000000003',  3, 4),
  ('00000000-0000-0000-0002-000000000003',  4, 3),
  ('00000000-0000-0000-0002-000000000003',  5, 5),
  ('00000000-0000-0000-0002-000000000003',  6, 3),
  ('00000000-0000-0000-0002-000000000003',  7, 4),
  ('00000000-0000-0000-0002-000000000003',  8, 4),
  ('00000000-0000-0000-0002-000000000003',  9, 3),
  ('00000000-0000-0000-0002-000000000003', 10, 4),
  ('00000000-0000-0000-0002-000000000003', 11, 3),
  ('00000000-0000-0000-0002-000000000003', 12, 5),
  ('00000000-0000-0000-0002-000000000003', 13, 4),
  ('00000000-0000-0000-0002-000000000003', 14, 4),
  ('00000000-0000-0000-0002-000000000003', 15, 3),
  ('00000000-0000-0000-0002-000000000003', 16, 5),
  ('00000000-0000-0000-0002-000000000003', 17, 4),
  ('00000000-0000-0000-0002-000000000003', 18, 4)
on conflict do nothing;


-- ============================================================
-- LEAGUES
-- admin_member_id → AJ Greenman (member-1)
-- ============================================================
insert into leagues (id, name, course_id, day, admin_member_id) values
  (
    '00000000-0000-0000-0003-000000000001',
    'Wednesday Amateur Players',
    '00000000-0000-0000-0002-000000000001',
    'wednesday',
    '00000000-0000-0000-0001-000000000001'
  ),
  (
    '00000000-0000-0000-0003-000000000002',
    'Faith Reformed',
    '00000000-0000-0000-0002-000000000002',
    'thursday',
    '00000000-0000-0000-0001-000000000001'
  )
on conflict do nothing;

-- League 1 members (all 14)
insert into league_members (league_id, member_id) values
  ('00000000-0000-0000-0003-000000000001', '00000000-0000-0000-0001-000000000001'),
  ('00000000-0000-0000-0003-000000000001', '00000000-0000-0000-0001-000000000002'),
  ('00000000-0000-0000-0003-000000000001', '00000000-0000-0000-0001-000000000003'),
  ('00000000-0000-0000-0003-000000000001', '00000000-0000-0000-0001-000000000004'),
  ('00000000-0000-0000-0003-000000000001', '00000000-0000-0000-0001-000000000005'),
  ('00000000-0000-0000-0003-000000000001', '00000000-0000-0000-0001-000000000006'),
  ('00000000-0000-0000-0003-000000000001', '00000000-0000-0000-0001-000000000007'),
  ('00000000-0000-0000-0003-000000000001', '00000000-0000-0000-0001-000000000008'),
  ('00000000-0000-0000-0003-000000000001', '00000000-0000-0000-0001-000000000009'),
  ('00000000-0000-0000-0003-000000000001', '00000000-0000-0000-0001-000000000010'),
  ('00000000-0000-0000-0003-000000000001', '00000000-0000-0000-0001-000000000011'),
  ('00000000-0000-0000-0003-000000000001', '00000000-0000-0000-0001-000000000012'),
  ('00000000-0000-0000-0003-000000000001', '00000000-0000-0000-0001-000000000013'),
  ('00000000-0000-0000-0003-000000000001', '00000000-0000-0000-0001-000000000014')
on conflict do nothing;

-- League 2 members (3)
insert into league_members (league_id, member_id) values
  ('00000000-0000-0000-0003-000000000002', '00000000-0000-0000-0001-000000000001'),
  ('00000000-0000-0000-0003-000000000002', '00000000-0000-0000-0001-000000000002'),
  ('00000000-0000-0000-0003-000000000002', '00000000-0000-0000-0001-000000000003')
on conflict do nothing;


-- ============================================================
-- TEAMS (league-1 only, 7 teams of 2)
-- ============================================================
insert into teams (id, league_id, name) values
  ('00000000-0000-0000-0004-000000000001', '00000000-0000-0000-0003-000000000001', 'Casciano / Bremer'),
  ('00000000-0000-0000-0004-000000000002', '00000000-0000-0000-0003-000000000001', 'Greenman / Ayers'),
  ('00000000-0000-0000-0004-000000000003', '00000000-0000-0000-0003-000000000001', 'Greenman / Knaus'),
  ('00000000-0000-0000-0004-000000000004', '00000000-0000-0000-0003-000000000001', 'Confer / Ayers'),
  ('00000000-0000-0000-0004-000000000005', '00000000-0000-0000-0003-000000000001', 'Dunscombe / Mike'),
  ('00000000-0000-0000-0004-000000000006', '00000000-0000-0000-0003-000000000001', 'Ayers / Steggles'),
  ('00000000-0000-0000-0004-000000000007', '00000000-0000-0000-0003-000000000001', 'Greenman / Boelkins')
on conflict do nothing;

insert into team_members (team_id, member_id) values
  -- team-1: Ben (hdcp 1) + Joel (hdcp 17)
  ('00000000-0000-0000-0004-000000000001', '00000000-0000-0000-0001-000000000014'),
  ('00000000-0000-0000-0004-000000000001', '00000000-0000-0000-0001-000000000013'),
  -- team-2: Brady (hdcp 2) + Matt (hdcp 12)
  ('00000000-0000-0000-0004-000000000002', '00000000-0000-0000-0001-000000000006'),
  ('00000000-0000-0000-0004-000000000002', '00000000-0000-0000-0001-000000000010'),
  -- team-3: Aaron (hdcp 3) + Brett (hdcp 15)
  ('00000000-0000-0000-0004-000000000003', '00000000-0000-0000-0001-000000000004'),
  ('00000000-0000-0000-0004-000000000003', '00000000-0000-0000-0001-000000000008'),
  -- team-4: Ryan C (hdcp 5) + Ryan A (hdcp 12)
  ('00000000-0000-0000-0004-000000000004', '00000000-0000-0000-0001-000000000007'),
  ('00000000-0000-0000-0004-000000000004', '00000000-0000-0000-0001-000000000009'),
  -- team-5: Andrew (hdcp 6) + Mike (hdcp 8)
  ('00000000-0000-0000-0004-000000000005', '00000000-0000-0000-0001-000000000011'),
  ('00000000-0000-0000-0004-000000000005', '00000000-0000-0000-0001-000000000003'),
  -- team-6: Brandon (hdcp 9) + Jake (hdcp 11)
  ('00000000-0000-0000-0004-000000000006', '00000000-0000-0000-0001-000000000002'),
  ('00000000-0000-0000-0004-000000000006', '00000000-0000-0000-0001-000000000012'),
  -- team-7: AJ (hdcp 10) + Adam (hdcp 10)
  ('00000000-0000-0000-0004-000000000007', '00000000-0000-0000-0001-000000000001'),
  ('00000000-0000-0000-0004-000000000007', '00000000-0000-0000-0001-000000000005')
on conflict do nothing;


-- ============================================================
-- ROUNDS
-- ============================================================
insert into rounds (id, league_id, course_id, date, status, hole_numbers) values
  ('00000000-0000-0000-0005-000000000001', '00000000-0000-0000-0003-000000000001', '00000000-0000-0000-0002-000000000001', '2025-06-04', 'completed',  ARRAY[1,2,3,4,5,6,7,8,9]),
  ('00000000-0000-0000-0005-000000000002', '00000000-0000-0000-0003-000000000001', '00000000-0000-0000-0002-000000000001', '2025-06-11', 'completed',  ARRAY[10,11,12,13,14,15,16,17,18]),
  ('00000000-0000-0000-0005-000000000003', '00000000-0000-0000-0003-000000000001', '00000000-0000-0000-0002-000000000001', '2025-06-18', 'completed',  ARRAY[1,2,3,4,5,6,7,8,9]),
  ('00000000-0000-0000-0005-000000000004', '00000000-0000-0000-0003-000000000001', '00000000-0000-0000-0002-000000000001', '2025-06-25', 'completed',  ARRAY[10,11,12,13,14,15,16,17,18]),
  ('00000000-0000-0000-0005-000000000005', '00000000-0000-0000-0003-000000000001', '00000000-0000-0000-0002-000000000001', '2025-07-02', 'inProgress', ARRAY[1,2,3,4,5,6,7,8,9]),
  ('00000000-0000-0000-0005-000000000006', '00000000-0000-0000-0003-000000000001', '00000000-0000-0000-0002-000000000001', '2025-07-09', 'upcoming',   ARRAY[10,11,12,13,14,15,16,17,18])
on conflict do nothing;


-- ============================================================
-- MATCHUPS
-- ============================================================
insert into matchups (id, round_id, team1_id, team2_id) values
  -- Round 1: t1vt2, t3vt4, t5vt6 | bye: t7
  ('00000000-0000-0000-0006-000000000001', '00000000-0000-0000-0005-000000000001', '00000000-0000-0000-0004-000000000001', '00000000-0000-0000-0004-000000000002'),
  ('00000000-0000-0000-0006-000000000002', '00000000-0000-0000-0005-000000000001', '00000000-0000-0000-0004-000000000003', '00000000-0000-0000-0004-000000000004'),
  ('00000000-0000-0000-0006-000000000003', '00000000-0000-0000-0005-000000000001', '00000000-0000-0000-0004-000000000005', '00000000-0000-0000-0004-000000000006'),
  -- Round 2: t1vt3, t2vt5, t4vt7 | bye: t6
  ('00000000-0000-0000-0006-000000000004', '00000000-0000-0000-0005-000000000002', '00000000-0000-0000-0004-000000000001', '00000000-0000-0000-0004-000000000003'),
  ('00000000-0000-0000-0006-000000000005', '00000000-0000-0000-0005-000000000002', '00000000-0000-0000-0004-000000000002', '00000000-0000-0000-0004-000000000005'),
  ('00000000-0000-0000-0006-000000000006', '00000000-0000-0000-0005-000000000002', '00000000-0000-0000-0004-000000000004', '00000000-0000-0000-0004-000000000007'),
  -- Round 3: t1vt4, t2vt7, t3vt6 | bye: t5
  ('00000000-0000-0000-0006-000000000007', '00000000-0000-0000-0005-000000000003', '00000000-0000-0000-0004-000000000001', '00000000-0000-0000-0004-000000000004'),
  ('00000000-0000-0000-0006-000000000008', '00000000-0000-0000-0005-000000000003', '00000000-0000-0000-0004-000000000002', '00000000-0000-0000-0004-000000000007'),
  ('00000000-0000-0000-0006-000000000009', '00000000-0000-0000-0005-000000000003', '00000000-0000-0000-0004-000000000003', '00000000-0000-0000-0004-000000000006'),
  -- Round 4: t1vt5, t2vt6, t3vt7 | bye: t4
  ('00000000-0000-0000-0006-000000000010', '00000000-0000-0000-0005-000000000004', '00000000-0000-0000-0004-000000000001', '00000000-0000-0000-0004-000000000005'),
  ('00000000-0000-0000-0006-000000000011', '00000000-0000-0000-0005-000000000004', '00000000-0000-0000-0004-000000000002', '00000000-0000-0000-0004-000000000006'),
  ('00000000-0000-0000-0006-000000000012', '00000000-0000-0000-0005-000000000004', '00000000-0000-0000-0004-000000000003', '00000000-0000-0000-0004-000000000007'),
  -- Round 5: t1vt6, t2vt4, t5vt7 | bye: t3
  ('00000000-0000-0000-0006-000000000013', '00000000-0000-0000-0005-000000000005', '00000000-0000-0000-0004-000000000001', '00000000-0000-0000-0004-000000000006'),
  ('00000000-0000-0000-0006-000000000014', '00000000-0000-0000-0005-000000000005', '00000000-0000-0000-0004-000000000002', '00000000-0000-0000-0004-000000000004'),
  ('00000000-0000-0000-0006-000000000015', '00000000-0000-0000-0005-000000000005', '00000000-0000-0000-0004-000000000005', '00000000-0000-0000-0004-000000000007'),
  -- Round 6: t1vt7, t3vt5, t4vt6 | bye: t2
  ('00000000-0000-0000-0006-000000000016', '00000000-0000-0000-0005-000000000006', '00000000-0000-0000-0004-000000000001', '00000000-0000-0000-0004-000000000007'),
  ('00000000-0000-0000-0006-000000000017', '00000000-0000-0000-0005-000000000006', '00000000-0000-0000-0004-000000000003', '00000000-0000-0000-0004-000000000005'),
  ('00000000-0000-0000-0006-000000000018', '00000000-0000-0000-0005-000000000006', '00000000-0000-0000-0004-000000000004', '00000000-0000-0000-0004-000000000006')
on conflict do nothing;


-- ============================================================
-- SCORES
-- hole_scores keys are strings (JSON), values are strokes.
-- ============================================================

-- ── Round 1 (front 9) ─────────────────────────────────────
insert into scores (round_id, member_id, hole_scores) values
  ('00000000-0000-0000-0005-000000000001', '00000000-0000-0000-0001-000000000014', '{"1":4,"2":3,"3":4,"4":4,"5":3,"6":4,"7":4,"8":3,"9":4}'),
  ('00000000-0000-0000-0005-000000000001', '00000000-0000-0000-0001-000000000013', '{"1":6,"2":5,"3":5,"4":6,"5":5,"6":5,"7":6,"8":5,"9":5}'),
  ('00000000-0000-0000-0005-000000000001', '00000000-0000-0000-0001-000000000006', '{"1":4,"2":3,"3":4,"4":4,"5":4,"6":3,"7":4,"8":4,"9":4}'),
  ('00000000-0000-0000-0005-000000000001', '00000000-0000-0000-0001-000000000010', '{"1":5,"2":4,"3":5,"4":5,"5":4,"6":5,"7":5,"8":4,"9":5}'),
  ('00000000-0000-0000-0005-000000000001', '00000000-0000-0000-0001-000000000004', '{"1":4,"2":3,"3":4,"4":5,"5":4,"6":4,"7":4,"8":4,"9":4}'),
  ('00000000-0000-0000-0005-000000000001', '00000000-0000-0000-0001-000000000008', '{"1":6,"2":5,"3":5,"4":6,"5":5,"6":5,"7":6,"8":5,"9":5}'),
  ('00000000-0000-0000-0005-000000000001', '00000000-0000-0000-0001-000000000007', '{"1":5,"2":4,"3":4,"4":5,"5":4,"6":4,"7":5,"8":4,"9":5}'),
  ('00000000-0000-0000-0005-000000000001', '00000000-0000-0000-0001-000000000009', '{"1":5,"2":4,"3":5,"4":6,"5":4,"6":5,"7":5,"8":5,"9":5}'),
  ('00000000-0000-0000-0005-000000000001', '00000000-0000-0000-0001-000000000011', '{"1":5,"2":4,"3":4,"4":5,"5":4,"6":5,"7":5,"8":4,"9":4}'),
  ('00000000-0000-0000-0005-000000000001', '00000000-0000-0000-0001-000000000003', '{"1":5,"2":4,"3":5,"4":5,"5":5,"6":4,"7":5,"8":4,"9":5}'),
  ('00000000-0000-0000-0005-000000000001', '00000000-0000-0000-0001-000000000002', '{"1":5,"2":4,"3":5,"4":5,"5":5,"6":4,"7":5,"8":5,"9":4}'),
  ('00000000-0000-0000-0005-000000000001', '00000000-0000-0000-0001-000000000012', '{"1":5,"2":5,"3":5,"4":5,"5":4,"6":5,"7":5,"8":5,"9":5}')
on conflict do nothing;

-- ── Round 2 (back 9) ──────────────────────────────────────
insert into scores (round_id, member_id, hole_scores) values
  ('00000000-0000-0000-0005-000000000002', '00000000-0000-0000-0001-000000000014', '{"10":4,"11":3,"12":3,"13":4,"14":5,"15":3,"16":3,"17":5,"18":4}'),
  ('00000000-0000-0000-0005-000000000002', '00000000-0000-0000-0001-000000000013', '{"10":5,"11":5,"12":5,"13":5,"14":6,"15":5,"16":5,"17":6,"18":5}'),
  ('00000000-0000-0000-0005-000000000002', '00000000-0000-0000-0001-000000000004', '{"10":4,"11":4,"12":3,"13":4,"14":5,"15":4,"16":3,"17":5,"18":4}'),
  ('00000000-0000-0000-0005-000000000002', '00000000-0000-0000-0001-000000000008', '{"10":6,"11":5,"12":5,"13":5,"14":7,"15":5,"16":5,"17":6,"18":5}'),
  ('00000000-0000-0000-0005-000000000002', '00000000-0000-0000-0001-000000000006', '{"10":3,"11":4,"12":3,"13":4,"14":5,"15":3,"16":3,"17":4,"18":4}'),
  ('00000000-0000-0000-0005-000000000002', '00000000-0000-0000-0001-000000000010', '{"10":5,"11":5,"12":4,"13":5,"14":6,"15":4,"16":4,"17":6,"18":5}'),
  ('00000000-0000-0000-0005-000000000002', '00000000-0000-0000-0001-000000000011', '{"10":4,"11":4,"12":4,"13":5,"14":5,"15":4,"16":4,"17":5,"18":4}'),
  ('00000000-0000-0000-0005-000000000002', '00000000-0000-0000-0001-000000000003', '{"10":5,"11":4,"12":4,"13":5,"14":6,"15":5,"16":4,"17":5,"18":4}'),
  ('00000000-0000-0000-0005-000000000002', '00000000-0000-0000-0001-000000000007', '{"10":4,"11":4,"12":3,"13":4,"14":5,"15":4,"16":4,"17":5,"18":4}'),
  ('00000000-0000-0000-0005-000000000002', '00000000-0000-0000-0001-000000000009', '{"10":5,"11":5,"12":4,"13":5,"14":6,"15":5,"16":4,"17":6,"18":5}'),
  ('00000000-0000-0000-0005-000000000002', '00000000-0000-0000-0001-000000000001', '{"10":5,"11":4,"12":4,"13":5,"14":5,"15":4,"16":4,"17":5,"18":4}'),
  ('00000000-0000-0000-0005-000000000002', '00000000-0000-0000-0001-000000000005', '{"10":5,"11":5,"12":4,"13":5,"14":6,"15":4,"16":4,"17":6,"18":5}')
on conflict do nothing;

-- ── Round 3 (front 9) ─────────────────────────────────────
insert into scores (round_id, member_id, hole_scores) values
  ('00000000-0000-0000-0005-000000000003', '00000000-0000-0000-0001-000000000014', '{"1":3,"2":3,"3":4,"4":4,"5":3,"6":4,"7":4,"8":3,"9":4}'),
  ('00000000-0000-0000-0005-000000000003', '00000000-0000-0000-0001-000000000013', '{"1":6,"2":5,"3":5,"4":6,"5":5,"6":6,"7":5,"8":5,"9":5}'),
  ('00000000-0000-0000-0005-000000000003', '00000000-0000-0000-0001-000000000007', '{"1":5,"2":4,"3":4,"4":5,"5":4,"6":4,"7":5,"8":4,"9":4}'),
  ('00000000-0000-0000-0005-000000000003', '00000000-0000-0000-0001-000000000009', '{"1":5,"2":4,"3":5,"4":6,"5":5,"6":5,"7":5,"8":5,"9":5}'),
  ('00000000-0000-0000-0005-000000000003', '00000000-0000-0000-0001-000000000006', '{"1":4,"2":3,"3":3,"4":4,"5":4,"6":3,"7":4,"8":3,"9":4}'),
  ('00000000-0000-0000-0005-000000000003', '00000000-0000-0000-0001-000000000010', '{"1":5,"2":4,"3":5,"4":5,"5":5,"6":5,"7":5,"8":5,"9":5}'),
  ('00000000-0000-0000-0005-000000000003', '00000000-0000-0000-0001-000000000001', '{"1":5,"2":4,"3":4,"4":5,"5":5,"6":4,"7":5,"8":4,"9":4}'),
  ('00000000-0000-0000-0005-000000000003', '00000000-0000-0000-0001-000000000005', '{"1":5,"2":5,"3":5,"4":6,"5":5,"6":5,"7":5,"8":5,"9":5}'),
  ('00000000-0000-0000-0005-000000000003', '00000000-0000-0000-0001-000000000004', '{"1":4,"2":4,"3":3,"4":5,"5":4,"6":4,"7":4,"8":4,"9":4}'),
  ('00000000-0000-0000-0005-000000000003', '00000000-0000-0000-0001-000000000008', '{"1":6,"2":5,"3":5,"4":6,"5":6,"6":5,"7":6,"8":5,"9":5}'),
  ('00000000-0000-0000-0005-000000000003', '00000000-0000-0000-0001-000000000002', '{"1":5,"2":4,"3":5,"4":5,"5":5,"6":5,"7":5,"8":5,"9":4}'),
  ('00000000-0000-0000-0005-000000000003', '00000000-0000-0000-0001-000000000012', '{"1":5,"2":5,"3":5,"4":6,"5":5,"6":5,"7":6,"8":5,"9":5}')
on conflict do nothing;

-- ── Round 4 (back 9) ──────────────────────────────────────
insert into scores (round_id, member_id, hole_scores) values
  ('00000000-0000-0000-0005-000000000004', '00000000-0000-0000-0001-000000000014', '{"10":4,"11":3,"12":3,"13":4,"14":4,"15":3,"16":3,"17":4,"18":4}'),
  ('00000000-0000-0000-0005-000000000004', '00000000-0000-0000-0001-000000000013', '{"10":5,"11":5,"12":5,"13":5,"14":6,"15":5,"16":6,"17":6,"18":5}'),
  ('00000000-0000-0000-0005-000000000004', '00000000-0000-0000-0001-000000000011', '{"10":4,"11":4,"12":4,"13":4,"14":5,"15":4,"16":4,"17":5,"18":4}'),
  ('00000000-0000-0000-0005-000000000004', '00000000-0000-0000-0001-000000000003', '{"10":5,"11":4,"12":4,"13":5,"14":6,"15":4,"16":5,"17":5,"18":5}'),
  ('00000000-0000-0000-0005-000000000004', '00000000-0000-0000-0001-000000000006', '{"10":3,"11":3,"12":3,"13":4,"14":5,"15":3,"16":3,"17":4,"18":4}'),
  ('00000000-0000-0000-0005-000000000004', '00000000-0000-0000-0001-000000000010', '{"10":5,"11":4,"12":4,"13":5,"14":6,"15":5,"16":4,"17":6,"18":5}'),
  ('00000000-0000-0000-0005-000000000004', '00000000-0000-0000-0001-000000000002', '{"10":5,"11":4,"12":5,"13":5,"14":5,"15":5,"16":4,"17":5,"18":5}'),
  ('00000000-0000-0000-0005-000000000004', '00000000-0000-0000-0001-000000000012', '{"10":5,"11":5,"12":4,"13":5,"14":6,"15":5,"16":4,"17":6,"18":5}'),
  ('00000000-0000-0000-0005-000000000004', '00000000-0000-0000-0001-000000000004', '{"10":4,"11":3,"12":3,"13":4,"14":5,"15":4,"16":3,"17":5,"18":4}'),
  ('00000000-0000-0000-0005-000000000004', '00000000-0000-0000-0001-000000000008', '{"10":6,"11":5,"12":5,"13":6,"14":7,"15":5,"16":5,"17":6,"18":5}'),
  ('00000000-0000-0000-0005-000000000004', '00000000-0000-0000-0001-000000000001', '{"10":4,"11":4,"12":4,"13":5,"14":5,"15":4,"16":4,"17":5,"18":4}'),
  ('00000000-0000-0000-0005-000000000004', '00000000-0000-0000-0001-000000000005', '{"10":5,"11":5,"12":4,"13":5,"14":6,"15":5,"16":4,"17":6,"18":5}')
on conflict do nothing;

-- ── Round 5 (front 9, in-progress — partial scores) ───────
insert into scores (round_id, member_id, hole_scores) values
  ('00000000-0000-0000-0005-000000000005', '00000000-0000-0000-0001-000000000014', '{"1":4,"2":3,"3":4,"4":4}'),
  ('00000000-0000-0000-0005-000000000005', '00000000-0000-0000-0001-000000000013', '{"1":6,"2":5,"3":5,"4":6}'),
  ('00000000-0000-0000-0005-000000000005', '00000000-0000-0000-0001-000000000002', '{"1":5,"2":4,"3":5,"4":5}'),
  ('00000000-0000-0000-0005-000000000005', '00000000-0000-0000-0001-000000000012', '{"1":5,"2":5,"3":5,"4":5}'),
  ('00000000-0000-0000-0005-000000000005', '00000000-0000-0000-0001-000000000006', '{"1":4,"2":3,"3":3,"4":4}'),
  ('00000000-0000-0000-0005-000000000005', '00000000-0000-0000-0001-000000000010', '{"1":5,"2":4,"3":5,"4":5}'),
  ('00000000-0000-0000-0005-000000000005', '00000000-0000-0000-0001-000000000007', '{"1":5,"2":4,"3":4,"4":5}'),
  ('00000000-0000-0000-0005-000000000005', '00000000-0000-0000-0001-000000000009', '{"1":5,"2":4,"3":5,"4":6}'),
  ('00000000-0000-0000-0005-000000000005', '00000000-0000-0000-0001-000000000011', '{"1":5,"2":4,"3":4,"4":5}'),
  ('00000000-0000-0000-0005-000000000005', '00000000-0000-0000-0001-000000000003', '{"1":5,"2":5,"3":5,"4":5}'),
  ('00000000-0000-0000-0005-000000000005', '00000000-0000-0000-0001-000000000001', '{"1":5,"2":4,"3":4,"4":5}'),
  ('00000000-0000-0000-0005-000000000005', '00000000-0000-0000-0001-000000000005', '{"1":5,"2":5,"3":5,"4":6}')
on conflict do nothing;

-- Round 6 is upcoming — no scores.
